<?xml version="1.0" encoding="UTF-8"?>
<beans xmlns="http://www.springframework.org/schema/beans"
	xmlns:xsi="http://www.w3.org/2001/XMLSchema-instance"
	xmlns:p="http://www.springframework.org/schema/p"
	xmlns:context="http://www.springframework.org/schema/context"
	xmlns:aop="http://www.springframework.org/schema/aop"
	xsi:schemaLocation="http://www.springframework.org/schema/beans http://www.springframework.org/schema/beans/spring-beans.xsd
		http://www.springframework.org/schema/context http://www.springframework.org/schema/context/spring-context-4.3.xsd
		http://www.springframework.org/schema/aop http://www.springframework.org/schema/aop/spring-aop-4.3.xsd">
	  
	<context:component-scan base-package="com.globalin.biz"></context:component-scan>
	
	<bean id="log" class="com.globalin.biz.common.Log4jAdvice"></bean>
	<bean id="before" class="com.globalin.biz.common.BeforeAdvice"></bean>
	<bean id="afterReturning" class="com.globalin.biz.common.AfterReturningAdvice"></bean>
	<bean id="afterThrowing" class="com.globalin.biz.common.AfterThrowingAdvice"></bean>
	<bean id="after" class="com.globalin.biz.common.AfterAdvice"></bean>
	<bean id="around" class="com.globalin.biz.common.AroundAdvice"></bean>
	
	<aop:config>
		<aop:pointcut expression="execution(* com.globalin.biz..*Impl.*(..))" id="allPointcut" />
		
		<aop:pointcut expression="execution(* com.globalin.biz..*Impl.get*(..))" id="getPointcut" />
		
		<aop:aspect ref="around">
			<aop:around pointcut-ref="allPointcut" method="aroundLog"/>
		</aop:aspect>
		
		<aop:aspect ref="after">
			<aop:after pointcut-ref="allPointcut" method="finallyLog"/>
		</aop:aspect>
		
		<aop:aspect ref="afterThrowing">
			<aop:after-throwing pointcut-ref="allPointcut" method="exceptionLog" throwing="exceptObj"/>
		</aop:aspect>
		
		<aop:aspect ref="afterReturning">
			<aop:after-returning pointcut-ref="getPointcut" method="afterLog" returning="returnObj"/>
		</aop:aspect>
		
		<aop:aspect ref="before">
			<aop:before pointcut-ref="allPointcut" method="beforeLog"/>
		</aop:aspect>
		
		
		<aop:aspect ref="log">
			<aop:before pointcut-ref="getPointcut" method="printLogging"/>
		</aop:aspect>
		
	</aop:config>
	<!-- <bean id="userService" class="com.globalin.biz.user.impl.UserServiceImpl">
		<property name="userDAO" ref="userDAO"></property>
	</bean>
	<bean id="userDAO" class="com.globalin.biz.user.impl.UserDAO"></bean> -->
	
	<!-- <bean class="polymorphism.SonySpeaker"></bean> -->
	
	<!-- Transaction -->
	
	
	<!-- DataSource 설정 -->
	<bean id="dataSource" class="org.apache.commons.dbcp.BasicDataSource" destroy-method="close">
		<property name="driverClassName" value="oracle.jdbc.driver.OracleDriver" />
		<property name="url" value="jdbc:oracle:thin:@localhost:1521:orcl" />
		<property name="username" value="scott" />
		<property name="password" value="tiger" />
	</bean>
	<!-- 
	<bean id="tv" class="polymorphism.SamsungTV" />
	<import resource="a.xml"/>
	 -->
	<!--  
	 <bean id="tv" class="polymorphism.SamsungTV" p:speaker-ref="sony" p:price="2700000">
		
	 	ref: 객체를 인자로 넘길 떄
	 	<property name="speaker" ref="apple"></property>
	 	value: 기본 자료형을 인자로 넘길 때
	 	<property name="price" value="2700000"></property>
	 	
	 </bean>
	 <bean id="sony" class="polymorphism.SonySpeaker"></bean>
	 <bean id="apple" class="polymorphism.AppleSpeaker"></bean>
	  -->
	  <!-- 
	  <bean id="collectionBean" class="com.globalin.ioc.injection.CollectionBean">
	  	<property name="addressList">
	  		<props>
	  			<prop key="가길동">서울시 강남구 역삼동</prop>
	  			<prop key="나길동">서울시 영등포구 영등포동</prop>
	  			<prop key="다길동">서울시 도봉구 도봉동</prop>
	  			<prop key="라길동">서울시 강남구 강남동</prop>
	  		</props>
	  		-->
	  		<!-- <map>
	  			<entry>
	  				<key><value>가길동</value></key>
	  				<value>서울시 강남구 역삼동</value>
	  			</entry>
	  			<entry>
	  				<key><value>나길동</value></key>
	  				<value>서울시 영등포구 영등포동</value>
	  			</entry>
	  			<entry>
	  				<key><value>다길동</value></key>
	  				<value>서울시 도봉구 도봉동</value>
	  			</entry>
	  		</map> -->
	  		<!-- <set value-type="java.lang.String">
	  			<value>서울시 강남구 역삼동</value>
	  			<value>서울시 영등포구 영등포동</value>
	  		</set> -->
	  		<!-- <list>
	  			<value>서울시 강남구 역삼동</value>
	  			<value>서울시 영등포구 영등포동</value>
	  		</list> -->
	  <!-- 	</property>
	  </bean>
	   -->
	   
</beans>
