<?xml version="1.0" encoding="UTF-8"?>
<!DOCTYPE mapper
  PUBLIC "-//mybatis.org//DTD Mapper 3.0//EN"
  "https://mybatis.org/dtd/mybatis-3-mapper.dtd">

<mapper namespace="BoardDAO">
	<resultMap type="board" id="boardResult">
		<id property="seq" column="SEQ"/>
		<result property="title" column="TITLE"/>
		<result property="writer" column="WRITER"/>
		<result property="content" column="CONTENT"/>
		<result property="regDate" column="REGDATE"/>
		<result property="cnt" column="CNT"/>
	</resultMap>
	
	<insert id="insertBoard" parameterType="board">
		insert into board(seq, title, writer, content) values((select nvl(max(seq), 0) + 1 from board), #{title}, #{writer}, #{content})
	</insert>
	<update id="updateBoard">
		update board set title = #{title}, content = #{content} where seq = #{seq}
	</update>
	<delete id="deleteBoard">
		delete board where seq = #{seq}
	</delete>
	<select id="getBoard" resultType="board">
		select * from board where seq = #{seq}
	</select>
	<select id="getBoardList" resultType="board">
		select * from board order by seq desc
	</select>
	<select id="getBoardList_T" resultMap="boardResult">
		select * from board where title like '%'||#{searchKeyword}||'%' order by seq desc
	</select>
	<select id="getBoardList_C" resultMap="boardResult">
		select * from board where content like '%'||#{searchKeyword}||'%' order by seq desc
	</select>
</mapper>